taskid,SAT,MIDSAT,UNSAT
11,4.4,4.5,4.0
10,4.0,4.125,4.0
13,4.375,4.4,4.2
12,4.5,4.0,4.3
15,4.375,4.25,4.0
14,4.4,3.83333333333,4.28571428571
17,4.1,2.5,2.83333333333
16,3.77777777778,4.1,4.125
19,2.0,2.0,2.55555555556
18,4.0,4.44444444444,3.71428571429
20,4.14285714286,3.875,4.125
1,4.71428571429,3.625,3.375
3,3.625,4.5,4.66666666667
2,4.0,3.88888888889,3.7
5,4.5,4.25,4.125
4,4.5,4.75,4.625
7,3.57142857143,4.44444444444,4.5
6,4.375,4.6,4.75
9,3.625,3.5,3.8
8,4.125,4.25,4.125
